<?xml version="1.0" encoding="UTF-8"?>
<project-private xmlns="http://www.netbeans.org/ns/project-private/1">
    <editor-bookmarks xmlns="http://www.netbeans.org/ns/editor-bookmarks/2" lastBookmarkId="0"/>
    <open-files xmlns="http://www.netbeans.org/ns/projectui-open-files/2">
        <group>
            <file>file:/D:/Onedrive/.S%20T%20U%20D%20Y/.U%20N%20I%20V%20E%20R%20S%20I%20T%20Y/Major%20Semester%204/PRJ301/TTK_Piano/Assignment_Khiemnvd_SU24-Finished5/src/java/dal/CoursesDAO.java</file>
            <file>file:/D:/Onedrive/.S%20T%20U%20D%20Y/.U%20N%20I%20V%20E%20R%20S%20I%20T%20Y/Major%20Semester%204/PRJ301/TTK_Piano/Assignment_Khiemnvd_SU24-Finished5/web/Register.html</file>
            <file>file:/D:/Onedrive/.S%20T%20U%20D%20Y/.U%20N%20I%20V%20E%20R%20S%20I%20T%20Y/Major%20Semester%204/PRJ301/TTK_Piano/Assignment_Khiemnvd_SU24-Finished5/src/java/Khiemnvd/controller/UpdateController.java</file>
            <file>file:/D:/Onedrive/.S%20T%20U%20D%20Y/.U%20N%20I%20V%20E%20R%20S%20I%20T%20Y/Major%20Semester%204/PRJ301/TTK_Piano/Assignment_Khiemnvd_SU24-Finished5/src/java/Khiemnvd/controller/UpdateCourse.java</file>
            <file>file:/D:/Onedrive/.S%20T%20U%20D%20Y/.U%20N%20I%20V%20E%20R%20S%20I%20T%20Y/Major%20Semester%204/PRJ301/TTK_Piano/Assignment_Khiemnvd_SU24-Finished5/web/Register.jsp</file>
        </group>
    </open-files>
</project-private>
